,edgeLabel,locationA,locationB,actualDistance,Contributer,Notes
0,Nashville_tofrom_Jackson_on_I40,NashvilleTN,JacksonTN,129.0,IT,IT = the instructional team
1,Jackson_tofrom_Memphis_on_I40,JacksonTN,MemphisTN,88.0,IT,
2,Nashville_tofrom_BowlingGreen_on_I65,NashvilleTN,BowlingGreenKY,66.0,IT,
3,Louisville_tofrom_BowlingGreen_on_I65,LouisvilleKY,BowlingGreenKY,117.0,IT,
4,Indianapolis_tofrom_Louisville,IndianapolisIN,LouisvilleKY,114.0,IT,
5,Indianapolis_tofrom_TerreHaute,IndianapolisIN,TerreHauteIN,77.0,IT,
6,StLouis_tofrom_TerreHaute,StLouisMO,TerreHauteIN,170.0,IT,
7,Chicago_tofrom_Indianapolis,ChicagoIL,IndianapolisIN,183.0,IT,
8,Chicago_tofrom_Springfield,ChicagoIL,SpringfieldIL,200.0,IT,
9,StLouis_tofrom_Springfield,StLouisMO,SpringfieldIL,98.0,IT,
10,Cincinnati_tofrom_Lousville,CincinnatiOH,LouisvilleKY,100.0,IT,
11,Cincinnati_tofrom_Indianapolis,CincinnatiOH,IndianapolisIN,112.0,IT,
12,Indianapolis_tofrom_Columbus,IndianapolisIN,ColumbusOH,176.0,IT,
13,Cincinnati_tofrom_Columbus,CincinnatiOH,ColumbusOH,107.0,IT,
14,Columbus_tofrom_Cleveland,ColumbusOH,ClevelandOH,143.0,IT,
15,Louisville_tofrom_Lexington,LouisvilleKY,LexingtonKY,79.0,IT,
16,Knoxville_tofrom_Lexington,KnoxvilleTN,LexingtonKY,170.0,IT,
17,Cincinnati_tofrom_Lexington,CincinnatiOH,LexingtonKY,83.0,IT,
18,PortlandOR_tofrom_SeattleWA,PortlandOR,SeattleWA,174.0,IT,
19,PortlandOR_tofrom_PendletonOR,PortlandOR,PendletonOR,209.0,IT,
20,PortlandOR_tofrom_EugeneOR,PortlandOR,EugeneOR,110.0,IT,
21,EugeneOR_tofrom_PendletonOR,EugeneOR,PendletonOR,318.0,IT,
22,EugeneOR_tofrom_MedfordOR,EugeneOR,MedfordOR,168.0,IT,
23,PendletonOR_tofrom_MosesLakeWA,PendletonOR,MosesLakeWA,131.0,IT,
24,BoiseID_tofrom_PendletonOR,BoiseID,PendletonOR,222.0,IT,
25,BoiseID_tofrom_TwinFallsID,BoiseID,TwinFallsID,129.0,IT,
26,IdahoFallsID_tofrom_TwinFallsID,IdahoFallsID,TwinFallsID,160.0,IT,
27,SaltLakeCityUT_tofrom_TwinFallsID,SaltLakeCityUT,TwinFallsID,218.0,IT,
28,IdahoFallsID_tofrom_DeerLodgeMT,IdahoFallsID,DeerLodgeMT,232.0,IT,
29,SaltLakeCityUT_tofrom_IdahoFallsID,SaltLakeCityUT,IdahoFallsID,213.0,IT,
30,SpokaneWA_tofrom_MosesLakeWA,SpokaneWA,MosesLakeWA,104.0,IT,
31,SpokaneWA_tofrom_MullanID,SpokaneWA,MullanID,87.9,IT,
32,HelenaMT_tofrom_DeerLodgeMT,HelenaMT,DeerLodgeMT,54.7,IT,
33,HelenaMT_tofrom_BigTimberMT,HelenaMT,BigTimberMT,158.0,IT,
34,HelenaMT_tofrom_GreatFallsMT,HelenaMT,GreatFallsMT,90.8,IT,
35,SeattleWA_tofrom_PendletonOR,SeattleWA,PendletonOR,273.0,IT,
36,DenverCO_tofrom_BurlingtonCO,DenverCO,BurlingtonCO,168.0,IT,
37,ColoradoSpringsCO_tofrom_BurlingtonCO,ColoradoSpringsCO,BurlingtonCO,151.0,IT,
38,BurlingtonCO_tofrom_HaysKS,BurlingtonCO,HaysKS,173.0,IT,
39,ClevelandOH_tofrom_EriePA,ClevelandOH,EriePA,103.0,IT,
40,EriePA_tofrom_BuffaloNY,EriePA,BuffaloNY,96.9,IT,
41,EriePA_tofrom_PittsburghPA,EriePA,PittsburghPA,128.0,IT,
42,RochesterNY_tofrom_SyracuseNY,RochesterNY,SyracuseNY,86.5,IT,
43,SyracuseNY_tofrom_ScrantonPA,SyracuseNY,ScrantonPA,130.0,IT,
44,AlbanyNY_tofrom_SyracuseNY,AlbanyNY,SyracuseNY,145.0,IT,
45,ScrantonPA_tofrom_AllentownPA,ScrantonPA,AllentownPA,76.1,IT,
46,PhoenixAZ_tofrom_TucsonAZ,PhoenixAZ,TucsonAZ,112.0,IT,
47,TucsonAZ_tofrom_LordsburgNM,TucsonAZ,LordsburgNM,160.0,IT,
48,TucsonAZ_tofrom_GlobeAZ,TucsonAZ,GlobeAZ,101.0,IT,
49,MilwaukeeWI_tofrom_MadisonWI,MilwaukeeWI,MadisonWI,79.5,IT,
50,ChicagoIL_tofrom_MilwaukeeWI,ChicagoIL,MilwaukeeWI,92.1,IT,
51,MilwaukeeWI_tofrom_GreenBayWI,MilwaukeeWI,GreenBayWI,117.0,IT,
52,ChicagoIL_tofrom_GrandRapidsMI,ChicagoIL,GrandRapidsMI,178.0,IT,
53,GrandRapidsMI_tofrom_LansingMI,GrandRapidsMI,LansingMI,68.2,IT,
54,LansingMI_tofrom_FortWayneIN,LansingMI,FortWayneIN,133.0,IT,
55,LansingMI_tofrom_AnnArborMI,LansingMI,AnnArborMI,64.9,IT,
56,DetroitMI_tofrom_LansingMI,DetroitMI,LansingMI,94.5,IT,
57,AugustaME_tofrom_PortlandME,AugustaME,PortlandME,55.9,IT,
58,MontpelierVT_tofrom_ConcordNH,MontpelierVT,ConcordNH,117.0,IT,
59,PortlandME_tofrom_ConcordNH,PortlandME,ConcordNH,109.0,IT,
60,BostonMA_tofrom_PortlandME,BostonMA,PortlandME,107.0,IT,
61,BostonMA_tofrom_ConcordNH,BostonMA,ConcordNH,67.5,IT,
62,AlbanyNY_tofrom_ConcordNH,AlbanyNY,ConcordNH,148.0,IT,
63,BuffaloNY_tofrom_RochesterNY,BuffaloNY,RochesterNY,76.5,IT,
64,SyracuseNY_tofrom_RochesterNY,SyracuseNY,RochesterNY,86.4,IT,
65,AlbanyNY_tofrom_NewHavenCT,AlbanyNY,NewHavenCT,129.0,IT,
66,ProvidenceRI_tofrom_NewHavenCT,ProvidenceRI,NewHavenCT,102.0,IT,
67,BostonMA_tofrom_ProvidenceRI,BostonMA,ProvidenceRI,59.1,IT,
68,HartfordCT_tofrom_MontpelierVT,HartfordCT,MontpelierVT,199.0,IT,
69,BostonMA_tofrom_HartfordCT,BostonMA,HartfordCT,101.0,IT,
70,NewHavenCT_tofrom_HartfordCT,NewHavenCT,HartfordCT,38.8,IT,
71,ProvidenceRI_tofrom_HartfordCT,ProvidenceRI,HartfordCT,72.5,IT,
72,TrentonNJ_tofrom_MountHollyNJ,TrentonNJ,MountHollyNJ,21.0,IT,
73,PhiladelphiaPA_tofrom_TrentonNJ,PhiladelphiaPA,TrentonNJ,42.5,IT,
74,NewYorkNY_tofrom_TrentonNJ,NewYorkNY,TrentonNJ,67.1,IT,
75,NewYorkNY_tofrom_AllentownPA,NewYorkNY,AllentownPA,92.5,IT,
76,NewYorkNY_tofrom_NewHavenCT,NewYorkNY,NewHavenCT,80.9,IT,
77,AllentownPA_tofrom_PhiladelphiaPA,AllentownPA,PhiladelphiaPA,63.8,IT,
78,AllentownPA_tofrom_HarrisburgPA,AllentownPA,HarrisburgPA,84.0,IT,
79,HarrisburgPA_tofrom_PittsburghPA,HarrisburgPA,PittsburghPA,203.0,IT,
80,BaltimoreMD_tofrom_HarrisburgPA,BaltimoreMD,HarrisburgPA,79.2,IT,
81,PhiladelphiaPA_tofrom_BaltimoreMD,PhiladelphiaPA,BaltimoreMD,101.0,IT,
82,PhiladelphiaPA_tofrom_MountHollyNJ,PhiladelphiaPA,MountHollyNJ,26.4,IT,
83,PhiladelphiaPA_tofrom_OceanCityMD,PhiladelphiaPA,OceanCityMD,152.0,IT,
84,BaltimoreMD_tofrom_OceanCityMD,BaltimoreMD,OceanCityMD,147.0,IT,
85,CharlestonWV_tofrom_HuntingtonWV,CharlestonWV,HuntingtonWV,53.0,IT,
86,FairmontWV_tofrom_CharlestonWV,FairmontWV,CharlestonWV,140.0,IT,
87,BlacksburgVA_tofrom_CharlestonWV,BlacksburgVA,CharlestonWV,138.0,IT,
88,WashingtonDC_tofrom_BaltimoreMD,WashingtonDC,BaltimoreMD,40.1,IT,
89,WashingtonDC_tofrom_RichmondVA,WashingtonDC,RichmondVA,109.0,IT,
90,RichmondVA_tofrom_NorfolkVA,RichmondVA,NorfolkVA,92.9,IT,
91,RichmondVA_tofrom_HarrisburgPA,RichmondVA,HarrisburgPA,222.0,IT,
92,RichmondVA_tofrom_RaleighNC,RichmondVA,RaleighNC,175.0,IT,
93,ColumbiaSC_tofrom_AugustaGA,ColumbiaSC,AugustaGA,75.8,IT,
94,WilmingtonNC_tofrom_CharlestonSC,WilmingtonNC,CharlestonSC,176.0,IT,
95,CharlestonSC_tofrom_SavannahGA,CharlestonSC,SavannahGA,108.0,IT,
96,AugustaGA_tofrom_CharlestonSC,AugustaGA,CharlestonSC,169.0,IT,
97,ColumbiaSC_tofrom_CharlestonSC,ColumbiaSC,CharlestonSC,116.0,IT,
98,LubbockTX_tofrom_AmarilloTX,LubbockTX,AmarilloTX,122.0,IT,
99,DoraNM_tofrom_LubbockTX,DoraNM,LubbockTX,102.0,IT,
100,NewOrleansLA_tofrom_JacksonMS,NewOrleansLA,JacksonMS,186.0,IT,
101,NewOrleansLA_tofrom_BatonRougeLA,NewOrleansLA,BatonRougeLA,81.2,IT,
102,NewOrleansLA_tofrom_MobileAL,NewOrleansLA,MobileAL,144.0,IT,
103,BatonRougeLA_tofrom_JacksonMS,BatonRougeLA,JacksonMS,175.0,IT,
104,BatonRougeLA_tofrom_ShreveportLA,BatonRougeLA,ShreveportLA,247.0,IT,
105,HoustonTX_tofrom_BatonRougeLA,HoustonTX,BatonRougeLA,269.0,IT,
106,JacksonMS_tofrom_ShreveportLA,JacksonMS,ShreveportLA,217.0,IT,
107,MemphisTN_tofrom_JacksonMS,MemphisTN,JacksonMS,209.0,IT,
108,DallasTX_tofrom_ShreveportLA,DallasTX,ShreveportLA,188.0,IT,
109,ShreveportLA_tofrom_NewBostonTX,ShreveportLA,NewBostonTX,96.2,IT,
110,DesMoinesIA_tofrom_CedarRapidsIA,DesMoinesIA,CedarRapidsIA,128.0,IT,
111,CedarRapidsIA_tofrom_DavenportIA,CedarRapidsIA,DavenportIA,81.9,IT,
112,FortSmithAR_tofrom_JoplinMO,FortSmithAR,JoplinMO,146.0,IT,
113,LittleRockAR_tofrom_FortSmithAR,LittleRockAR,FortSmithAR,160.0,IT,
114,OklahomaCityOK_tofrom_FortSmithAR,OklahomaCityOK,FortSmithAR,181.0,IT,
115,TulsaOK_tofrom_JoplinMO,TulsaOK,JoplinMO,113.0,IT,
116,KansasCityKS_tofrom_JoplinMO,KansasCityMO,JoplinMO,161.0,IT,
117,StLouisMO_tofrom_JoplinMO,StLouisMO,JoplinMO,284.0,IT,
118,ColoradoSpringsCO_tofrom_PuebloNM,ColoradoSpringsCO,PuebloCO,45.0,IT,
119,SantaFeNM_tofrom_PuebloNM,SantaFeNM,PuebloCO,280.0,IT,
120,AlbuquerqueNM_tofrom_SantaFeNM,AlbuquerqueNM,SantaFeNM,64.1,IT,
121,OklahomaCityOK_tofrom_ElkCityOK,OklahomaCityOK,ElkCityOK,114.0,IT,
122,AmarilloTX_tofrom_ElkCityOK,AmarilloTX,ElkCityOK,148.0,IT,
123,TulsaOK_tofrom_OklahomaCityOK,TulsaOK,OklahomaCityOK,106.0,IT,
124,OklahomaCityOK_tofrom_WichitaKS,OklahomaCityOK,WichitaKS,161.0,IT,
125,DallasTX_tofrom_OklahomaCityOK,DallasTX,OklahomaCityOK,206.0,IT,
126,WichitaKS_tofrom_HaysKS,WichitaKS,HaysKS,183.0,IT,
127,ManhattanKS_tofrom_HaysKS,ManhattanKS,HaysKS,158.0,IT,
128,KansasCityMO_tofrom_ManhattanKS,KansasCityMO,ManhattanKS,119.0,IT,
129,KansasCityMO_tofrom_WichitaKS,KansasCityMO,WichitaKS,196.0,IT,
130,DenverCO_tofrom_NorthPlatteNE,DenverCO,NorthPlatteNE,265.0,IT,
131,LincolnNE_tofrom_NorthPlatteNE,LincolnNE,NorthPlatteNE,225.0,IT,
132,CheyenneWY_tofrom_NorthPlatteNE,CheyenneWY,NorthPlatteNE,222.0,IT,
133,LincolnNE_tofrom_OmahaNE,LincolnNE,OmahaNE,58.5,IT,
134,ChicagoIL_tofrom_DavenportIA,ChicagoIL,DavenportIA,176.0,IT,
135,DesMoinesIA_tofrom_DavenportIA,DesMoinesIA,DavenportIA,169.0,IT,
136,DavenportIA_tofrom_SpringfieldIL,DavenportIA,SpringfieldIL,171.0,IT,
137,RochesterMN_tofrom_MadisonWI,RochesterMN,MadisonWI,213.0,IT,
138,SiouxFallsSD_tofrom_RochesterMN,SiouxFallsSD,RochesterMN,238.0,IT,
139,MinneapolisMN_tofrom_RochesterMN,MinneapolisMN,RochesterMN,86.6,IT,
140,OmahaNE_tofrom_DesMoinesIA,OmahaNE,DesMoinesIA,134.0,IT,
141,DesMoinesIA_tofrom_KansasCityMO,DesMoinesIA,KansasCityMO,196.0,IT,
142,MinneapolisMN_tofrom_DuluthMN,MinneapolisMN,DuluthMN,154.0,IT,
143,MinneapolisMN_tofrom_DesMoinesIA,MinneapolisMN,DesMoinesIA,244.0,IT,
144,MinneapolisMN_tofrom_MadisonWI,MinneapolisMN,MadisonWI,272.0,IT,
145,MinneapolisMN_tofrom_FargoND,MinneapolisMN,FargoND,235.0,IT,
146,GlendiveMT_tofrom_BigTimberMT,GlendiveMT,BigTimberMT,301.0,IT,
147,GlendiveMT_tofrom_BismarckND,GlendiveMT,BismarckND,195.0,IT,
148,FargoND_tofrom_BismarckND,FargoND,BismarckND,196.0,IT,
149,SiouxFallsSD_tofrom_FargoND,SiouxFallsSD,FargoND,243.0,IT,
150,CodyWY_tofrom_BuffaloWY,CodyWY,BuffaloWY,167.0,IT,
151,BuffaloWY_tofrom_BigTimberMT,BuffaloWY,BigTimberMT,246.0,IT,
152,BuffaloWY_tofrom_SturgisSD,BuffaloWY,SturgisSD,182.0,IT,
153,BuffaloWY_tofrom_CasperWY,BuffaloWY,CasperWY,114.0,IT,
154,BuffaloWY_tofrom_LameDeerMT,BuffaloWY,LameDeerMT,115.0,IT,
155,CheyenneWY_tofrom_CasperWY,CheyenneWY,CasperWY,177.0,IT,
156,DenverCO_tofrom_CheyenneWY,DenverCO,CheyenneWY,102.0,IT,
157,GallupNM_tofrom_AlbuquerqueNM,GallupNM,AlbuquerqueNM,138.0,IT,
158,GallupNM_tofrom_FlagstaffAZ,GallupNM,FlagstaffAZ,185.0,IT,
159,PhoenixAZ_tofrom_FlagstaffAZ,PhoenixAZ,FlagstaffAZ,144.0,IT,
160,FlagstaffAZ_tofrom_KingmanAZ,FlagstaffAZ,KingmanAZ,147.0,IT,
161,AlbuquerqueNM_tofrom_DemingNM,AlbuquerqueNM,DemingNM,234.0,IT,
162,BakersfieldCA_tofrom_BarstowCA,BakersfieldCA,BarstowCA,131.0,IT,
163,LosAngelesCA_tofrom_BakersfieldCA,LosAngelesCA,BakersfieldCA,111.0,IT,
164,BakersfieldCA_tofrom_FresnoCA,BakersfieldCA,FresnoCA,109.0,IT,
165,DenverCO_tofrom_AspenCO,DenverCO,AspenCO,159.0,IT,
166,AspenCO_tofrom_GrandJunctionCO,AspenCO,GrandJunctionCO,128.0,IT,
167,SaltLakeCityUT_tofrom_GrandJunctionCO,SaltLakeCityUT,GrandJunctionCO,284.0,IT,
168,CedarCityUT_tofrom_GrandJunctionCO,CedarCityUT,GrandJunctionCO,338.0,IT,
169,SaltLakeCityUT_tofrom_CedarCityUT,SaltLakeCityUT,CedarCityUT,252.0,IT,
170,LasVegasNV_tofrom_CedarCityUT,LasVegasNV,CedarCityUT,170.0,IT,
171,SaltLakeCityUT_tofrom_ElkoNV,SaltLakeCityUT,ElkoNV,230.0,IT,
172,ElkoNV_tofrom_WinnemuccaNV,ElkoNV,WinnemuccaNV,124.0,IT,
173,WinnemuccaNV_tofrom_RenoNV,WinnemuccaNV,RenoNV,165.0,IT,
174,RenoNV_tofrom_SacramentoCA,RenoNV,SacramentoCA,132.0,IT,
175,RenoNV_tofrom_SouthLakeTahoeCA,RenoNV,SouthLakeTahoeCA,61.4,IT,
176,SouthLakeTahoeCA_tofrom_SacramentoCA,SouthLakeTahoeCA,SacramentoCA,103.0,IT,
177,FresnoCA_tofrom_SanJoseCA,FresnoCA,SanJoseCA,150.0,IT,
178,SacramentoCA_tofrom_FresnoCA,SacramentoCA,FresnoCA,169.0,IT,
179,SacramentoCA_tofrom_ReddingCA,SacramentoCA,ReddingCA,162.0,IT,
180,SanFranciscoCA_tofrom_SacramentoCA,SanFranciscoCA,SacramentoCA,87.9,IT,
181,ReddingCA_tofrom_MedfordOR,ReddingCA,MedfordOR,150.0,IT,
182,OrlandoFL_tofrom_TampaFL,OrlandoFL,TampaFL,84.2,IT,Id0
183,JacksonvilleFL_tofrom_TallahasseeFL,JacksonvilleFL,TallahasseeFL,164.0,IT,
184,JacksonMS_tofrom_TuscaloosaAL,JacksonMS,TuscaloosaAL,186.0,IT,
185,MemphisTN_tofrom_MetropolisIL,MemphisTN,MetropolisIL,206.0,IT,
186,MemphisTN_tofrom_MartinTN,MemphisTN,MartinTN,135.0,IT,
187,SanAntonioTX_tofrom_CorpusChristi,SanAntonioTX,CorpusChristiTX,144.0,IT,
188,SanAntonioTX_tofrom_AustinTX,SanAntonioTX,AustinTX,79.5,IT,
189,SanAntonioTX_tofrom_ArtesiaWellsTX,SanAntonioTX,ArtesiaWellsTX,114.0,IT,
190,DallasTX_tofrom_HoustonTX,DallasTX,HoustonTX,240.0,IT,
191,AlbuquerqueNM_tofrom_SantaRosaNM,AlbuquerqueNM,SantaRosaNM,118.0,IT,
192,AmarilloTX_tofrom_SantaRosaNM,AmarilloTX,SantaRosaNM,172.0,IT,
193,TallahasseeFL_tofrom_Blountstown,TallahasseeFL,BlountstownFL,48.5,IT,
194,AtlantaGA_tofrom_BirminghamAL,AtlantaGA,BirminghamAL,147.0,IT,
195,TuscaloosaAL_tofrom_BirminghamAL,TuscaloosaAL,BirminghamAL,57.7,IT,
196,JacksonMS_tofrom_ColumbusMS,JacksonMS,ColumbusMS,154.0,IT,
197,GrovetownGA_tofrom_AtlantaGA_on_I-20E,GrovetownGA,AtlantaGA,134.0,IT,
198,MountHollyNJ_tofrom_NewHavenCT_on_I-95N,MountHollyNJ,NewHavenCT,153.0,IT,
199,FayettevilleNC_tofrom_CharlotteNC_on_US-74W,FayettevilleNC,CharlotteNC,139.0,IT,
200,LexingtonKY_tofrom_HuntingtonWV_on_I64E,LexingtonKY,HuntingtonWV,126.0,IT,
201,CincinnatiOH_tofrom_HuntingtonWV_on_KY-9S,CincinnatiOH,HuntingtonWV,147.0,IT,
202,LouisvilleKY_tofrom_HuntingtonWV_on_I64E,LouisvilleKY,HuntingtonWV,197.0,IT,
203,HuntingtonWV_tofrom_FairmontWV_on_I64E_and_I79N,HuntingtonWV,FairmontWV,191.0,IT,
204,FairmontWV_tofrom_PittsburghPA_on_I79N,FairmontWV,PittsburghPA,91.4,IT,
205,ColumbusOH_tofrom_PittsburghPA_on_I70E,ColumbusOH,PittsburghPA,185.0,IT,
206,ClevelandOH_tofrom_PittsburghPA_on_I76,ClevelandOH,PittsburghPA,133.0,IT,
207,Nashville_tofrom_Watertown,NashvilleTN,WatertownTN,42.0,IT,
208,Nashville_tofrom_Knoxville,NashvilleTN,KnoxvilleTN,180.0,IT,
209,Knoxville_tofrom_Gatlinburg,KnoxvilleTN,GatlinburgTN,43.0,IT,
210,Watertown_tofrom_Knoxville,WatertownTN,KnoxvilleTN,139.0,IT,
211,Knoxville_tofrom_Athens,KnoxvilleTN,AthensTN,58.0,IT,
212,Athens_tofrom_Chattanooga,AthensTN,ChattanoogaTN,58.0,IT,
213,Nashville_tofrom_Athens,NashvilleTN,AthensTN,169.0,IT,
214,AshevilleNC_tofrom_PigeonForgeTN_on_I40,AshevilleNC,PigeonForgeTN,88.0,IT,
215,AshevilleNC_tofrom_KnoxvilleTN_on_I40,AshevilleNC,KnoxvilleTN,116.0,IT,
216,AshevilleNC_tofrom_BooneNC_on_I40_and_US221,AshevilleNC,BooneNC,84.0,IT,
217,AshevilleNC_tofrom_CharlotteNC_on_I26_and_US74,AshevilleNC,CharlotteNC,126.0,IT,
218,AshevilleNC_tofrom_CharlotteNC_on_I40_and_US321,AshevilleNC,CharlotteNC,130.0,IT,
219,AshevilleNC_tofrom_AthensGA_on_I26_and_I85,AshevilleNC,AthensGA,158.0,IT,
220,AshevilleNC_tofrom_DuluthGA_on_US23,AshevilleNC,DuluthGA,176.0,IT,
221,AshevilleNC_tofrom_DuluthGA_on_I26_and_I85,AshevilleNC,DuluthGA,186.0,IT,
222,AshevilleNC_tofrom_AugustaGA_on_I26_and_US121,AshevilleNC,AugustaGA,183.0,IT,
223,AshevilleNC_tofrom_ColumbiaSC_on_I26,AshevilleNC,ColumbiaSC,158.0,IT,
224,BooneNC_tofrom_RaleighNC_on_US421_and_I40,BooneNC,RaleighNC,188.0,IT,
225,BooneNC_tofrom_CharlotteNC_on_US321,BooneNC,CharlotteNC,101.0,IT,
226,BooneNC_tofrom_PigeonForgeTN_on_I81,BooneNC,PigeonForgeTN,156.0,IT,
227,BooneNC_tofrom_KnoxvilleTN_on_I81,BooneNC,KnoxvilleTN,161.0,IT,
228,WilmingtonNC_tofrom_RaleighNC_on_I40,WilmingtonNC,RaleighNC,129.0,IT,
229,WilmingtonNC_tofrom_FayettevilleNC_on_US87,WilmingtonNC,FayettevilleNC,92.0,IT,
230,NashvilleTN_tofrom_LexingtonTN,NashvilleTN,LexingtonTN,111.0,IT,
231,NashvilleTN_tofrom_SpartaTN,NashvilleTN,SpartaTN,87.0,IT,
232,SpartaTN_tofrom_AlbanyKY,SpartaTN,AlbanyKY,67.0,IT,
233,NashvilleTN_tofrom_AlbanyKY,NashvilleTN,AlbanyKY,131.0,IT,
234,ChattanoogaTN_tofrom_OakRidgeTN,ChattanoogaTN,OakRidgeTN,101.0,IT,
235,OakRidgeTN_tofrom_AlbanyKY,OakRidgeTN,AlbanyKY,85.0,IT,
236,DallasTX_tofrom_AbileneTX_on_I-30W_and_I-20W,DallasTX,AbileneTX,181.0,IT,
237,DallasTX_tofrom_AbileneTX_on_US-180W,DallasTX,AbileneTX,191.0,IT,
238,AbileneTX_tofrom_MidlandTX_on_I-20W,AbileneTX,MidlandTX,148.0,IT,
239,AbileneTX_tofrom_MidlandTX_on_I-20W_and_TX-158W,AbileneTX,MidlandTX,175.0,IT,
240,AbileneTX_tofrom_MidlandTX_on_US-277S_and_TX-158W,AbileneTX,MidlandTX,172.0,IT,
241,MidlandTX_tofrom_OdessaTX_on_I-20W,MidlandTX,OdessaTX,22.6,IT,
242,MidlandTX_tofrom_OdessaTX_on_I-20BLW,MidlandTX,OdessaTX,20.1,IT,
243,OdessaTX_tofrom_PecosTX_on_I-20W,OdessaTX,PecosTX,75.7,IT,
244,PecosTX_tofrom_CarlsbadNM_on_USHwy285N,PecosTX,CarlsbadNM,86.1,IT,
245,CarlsbadNM_tofrom_RoswellNM_on_USHwy285N,CarlsbadNM,RoswellNM,76.2,IT,
246,CarlsbadNM_tofrom_RoswellNM_on_IllinoisCampRd_and_USHwy285N,CarlsbadNM,RoswellNM,78.0,IT,
247,CarlsbadNM_tofrom_RoswellNM_on_USHwy285N_and_NM-2N,CarlsbadNM,RoswellNM,79.0,IT,
248,RoswellNM_tofrom_AlamogordoNM_on_US-70W,RoswellNM,AlamogordoNM,118.0,IT,
249,AlamogordoNM_tofrom_DemingNM_on_US-70W_and_I-10W,AlamogordoNM,DemingNM,133.0,IT,
250,AlamogordoNM_tofrom_DemingNM_on_US-70W,AlamogordoNM,DemingNM,150.0,IT,
251,DemingNM_tofrom_LordsburgNM_on_I-10W,DemingNM,LordsburgNM,60.4,IT,
252,LordsburgNM_tofrom_SaffordAZ_on_US-70W,LordsburgNM,SaffordAZ,75.1,IT,
253,LordsburgNM_tofrom_SaffordAZ_on_I-10W_and_US-191N,LordsburgNM,SaffordAZ,92.8,IT,
254,SaffordAZ_tofrom_GlobeAZ_on_US-70W,SaffordAZ,GlobeAZ,77.7,IT,
255,GlobeAZ_tofrom_PhoenixAZ_on_US-60W,GlobeAZ,PhoenixAZ,87.5,IT,
256,GlobeAZ_tofrom_PhoenixAZ_on_I-10W_and_US-60W,GlobeAZ,PhoenixAZ,87.4,IT,
257,PhoenixAZ_tofrom_KingmanAZ_on_US-93N,PhoenixAZ,KingmanAZ,194.0,IT,
258,KingmanAZ_tofrom_LasVegasNV_on_US-93N,KingmanAZ,LasVegasNV,107.0,IT,
259,LasVegasNV_tofrom_BarstowCA_on_I-15S,LasVegasNV,BarstowCA,156.0,IT,
260,BarstowCA_tofrom_RiversideCA_on_I-15S_and_I-215S,BarstowCA,RiversideCA,80.8,IT,
261,RiversideCA_tofrom_LosAngelesCA_on_CA-60 W,RiversideCA,LosAngelesCA,55.3,IT,
262,RiversideCA_tofrom_LosAngelesCA_on_CA-60W_and_I-10W,RiversideCA,LosAngelesCA,54.0,IT,
263,RiversideCA_tofrom_LosAngelesCA_on_CA-91W_and_CA-60W,RiversideCA,LosAngelesCA,62.3,IT,
264,RiversideCA_tofrom_SanDiegoCA_on_I-215S_and_I-15S,RiversideCA,SanDiegoCA,98.4,IT,
265,RiversideCA_tofrom_SanDiegoCA_on_I-215S_and_I-15S_and_CA-163S,RiversideCA,SanDiegoCA,98.8,IT,
266,RiversideCA_tofrom_SanDiegoCA_on_I-15S,RiversideCA,SanDiegoCA,108.0,IT,
267,LosAngelesCA_tofrom_SanDiegoCA_on_I-5S,LosAngelesCA,SanDiegoCA,120.0,IT,
268,LosAngelesCA_tofrom_SanDiegoCA_on_EWashingtonBlvd_and_I-5 S,LosAngelesCA,SanDiegoCA,121.0,IT,
269,LosAngelesCA_tofrom_SanDiegoCA_on_I-15S,LosAngelesCA,SanDiegoCA,143.0,IT,
270,Baltimore_tofrom_Blacksburg_on_I81_and_I70,BaltimoreMD,BlacksburgVA,322.0,IT,
271,Blacksburg_tofrom_Bristol_on_I81,BlacksburgVA,BristolTN,125.0,IT,
272,Bristol_tofrom_Knoxville_on_I40_and_I81,BristolTN,KnoxvilleTN,113.0,IT,
273,HersheyPA_tofrom_BaltimoreMD,HersheyPA,BaltimoreMD,90.0,IT,
274,Chicago_tofrom_Madison_on_I88,ChicagoIL,MadisonWI,148.0,IT,
275,Chicago_tofrom_Urbana_on_I88,ChicagoIL,UrbanaIL,126.0,IT,
276,Chicago_tofrom_Champaign_on_I88,ChicagoIL,ChampaignIL,135.0,IT,
277,Urbana_tofrom_Springfield,UrbanaIL,SpringfieldIL,87.0,IT,
278,Champaign_tofrom_Springfield,ChampaignIL,SpringfieldIL,86.0,IT,
279,Urbana_tofrom_StLouis,UrbanaIL,StLouisMO,149.0,IT,
280,Champaign_tofrom_StLouis,ChampaignIL,StLouisMO,181.0,IT,
281,Nashville_tofrom_Cookeville_on_I40,NashvilleTN,CookevilleTN,80.0,IT,
282,Huntsville_tofrom_Birmingham_on_I65,HuntsvilleAL,BirminghamAL,102.0,IT,
283,Athens_tofrom_Columbia,AthensGA,ColumbiaSC,164.0,IT,
284,Knoxville_tofrom_Chattanooga,KnoxvilleTN,ChattanoogaTN,112.0,IT,
285,Nashville_tofrom_Evansville,NashvilleTN,EvansvilleIN,152.0,IT,
286,Evansville_tofrom_Springfield,EvansvilleIN,SpringfieldTN,137.0,IT,
287,Springfield_tofrom_Burkesville,SpringfieldTN,BurkesvilleKY,119.0,IT,
288,AthensAL_tofrom_BirminghamAL,AthensAL,BirminghamAL,95.0,IT,
289,HuntsvilleAL_tofrom_GadsenAL,HuntsvilleAL,GadsenAL,72.0,IT,
290,ChattanoogaTN_tofrom_PigeonForgeTN,ChattanoogaTN,PigeonForgeTN,146.0,IT,
291,Shiloh_tofrom_Soddy-Daisy_on_US64,ShilohTN,Soddy-DaisyTN,241.2,IT,
292,Ringgold_tofrom_Shiloh_on_US64,RinggoldGA,ShilohTN,239.6,IT,
293,Ringgold_tofrom_Metropolis_on_I24,RinggoldGA,MetropolisIL,294.4,IT,
294,Monticello_tofrom_Guntersville_on_I75,MonticelloKY,GuntersvilleAL,270.7,IT,
295,StLouis_tofrom_KansasCity,StLouisMO,KansasCityMO,248.0,IT,
296,SanJose_tofrom_PaloAlto_on_I101S,SanJoseCA,PaloAltoCA,17.4,IT,
297,SanDiego_tofrom_LosAngeles_on_I5N,SanDiegoCA,LosAngelesCA,121.0,IT,
298,Houston_tofrom_SanAntonio_on_I10E,HoustonTX,SanAntonioTX,197.0,IT,
299,Denver_tofrom_ColoradoSprings_on_I25S,DenverCO,ColoradoSpringsCO,69.3,IT,
300,Knoxville_tofrom_Charlotte_on_I40E,KnoxvilleTN,CharlotteNC,231.0,IT,
301,Boston_tofrom_NewHaven_on_I95N,BostonMA,NewHavenCT,152.0,IT,
302,Clarksville_tofrom_HuntsvilleAL,ClarksvilleTN,HuntsvilleAL,164.0,IT,
303,FtCampbell_tofrom_McMinnvilleTN,FortCampbellKY,McMinnvilleTN,135.0,IT,
304,FtCampbell_tofrom_NashvilleTN,FortCampbellKY,NashvilleTN,61.7,IT,
305,FtCampbell_tofrom_MurfreesboroTN,FortCampbellKY,MurfreesboroTN,92.9,IT,
306,FtCampbell_tofrom_ChattanoogaTN,FortCampbellKY,ChattanoogaTN,191.0,IT,
307,Clarksville_tofrom_JacksonTN,ClarksvilleTN,JacksonTN,124.0,IT,
308,Clarksville_tofrom_LynchburgTN,ClarksvilleTN,LynchburgTN,124.0,IT,
309,MurfreesboroTN_tofrom_FortCampbellKY,MurfreesboroTN,FortCampbellKY,93.0,IT,
310,MurfreesboroTN_tofrom_ClarksvilleTN,MurfreesboroTN,ClarksvilleTN,80.6,IT,
311,IndianapolisIN_tofrom_FortWayneIN,IndianapolisIN,FortWayneIN,125.0,IT,
312,FortWayneIN_tofrom_DetroitMI,FortWayneIN,DetroitMI,162.0,IT,
313,FortWayneIN_tofrom_AnnArborMI,FortWayneIN,AnnArborMI,142.0,IT,
314,FortWayneIN_tofrom_ToledoOH,FortWayneIN,ToledoOH,102.0,IT,
315,DetroitMI_tofrom_ToledoOH,DetroitMI,ToledoOH,59.0,IT,
316,DetroitMI_tofrom_ClevelandOH,DetroitMI,ClevelandOH,170.0,IT,
317,DetroitMI_tofrom_AnnArborMI,DetroitMI,AnnArborMI,44.0,IT,
318,DetroitMI_tofrom_ColumbusOH_on_I75S,DetroitMI,ColumbusOH,199.0,IT,
319,ToledoOH_tofrom_ColumbusOH_on_I75S,ToledoOH,ColumbusOH,138.0,IT,
320,ToledoOH_tofrom_ClevelandOH,ToledoOH,ClevelandOH,114.0,IT,
321,AnnArborMI_tofrom_ClevelandOH,AnnArborMI,ClevelandOH,168.0,IT,
322,AnnArborMI_tofrom_ColumbusOH,AnnArborMI,ColumbusOH,189.0,IT,
323,ChicagoIL_tofrom_ToledoOH,ChicagoIL,ToledoOH,161.0,IT,
324,CincinnatiOH_tofrom_ToledoOH,CincinnatiOH,ToledoOH,179.0,IT,
325,Tuscaloosa_tofrom_ColumbusMS,TuscaloosaAL,ColumbusMS,59.0,IT,
326,Nashville_tofrom_Warrior,NashvilleTN,WarriorAL,171.0,IT,
327,Warrior_tofrom_Tuscaloosa,WarriorAL,TuscaloosaAL,79.0,IT,
328,Springfield_tofrom_Franklin,SpringfieldTN,FranklinTN,52.0,IT,
329,Chattanooga_tofrom_Atlanta_on_I75S,ChattanoogaTN,AtlantaGA,118.0,IT,
330,Nashville_tofrom_Huntsville_on_I65S,NashvilleTN,HuntsvilleAL,115.0,IT,
331,Atlanta_tofrom_Athens_on_I85N,AtlantaGA,AthensGA,73.0,IT,
332,Atlanta_tofrom_Montrose_on_I75S,AtlantaGA,MontroseGA,120.0,IT,
333,Montrose_tofrom_Savannah_on_I16E,MontroseGA,SavannahGA,130.0,IT,
334,Savannah_tofrom_Jacksonville_on_I16E,SavannahGA,JacksonvilleFL,139.0,IT,
335,Jacksonville_tofrom_Orlando_on_I95S,JacksonvilleFL,OrlandoFL,141.0,IT,
336,Orlando_tofrom_WestPalmBeach_on_FL704E,OrlandoFL,WestPalmBeachFL,170.0,IT,
337,WestPalmBeach_tofrom_Miami_on_I95S,WestPalmBeachFL,MiamiFL,71.6,IT,
338,Miami_tofrom_FortMyers_on_I75N,MiamiFL,FortMyersFL,157.0,IT,
339,FortMyers_tofrom_Tampa_on_I75N,FortMyersFL,TampaFL,127.0,IT,
340,Tampa_tofrom_Gainesville_on_I75N,TampaFL,GainesvilleFL,130.0,IT,
341,Gainesville_tofrom_Tallahassee_on_I75N,GainesvilleFL,TallahasseeFL,150.0,IT,
342,Tallahassee_tofrom_Macon_on_I75N,TallahasseeFL,MaconGA,185.0,IT,
343,Macon_tofrom_Atlanta_on_I75N,MaconGA,AtlantaGA,83.3,IT,
344,BloomingtonIN_tofrom_IndianapolisIN,BloomingtonIN,IndianapolisIN,51.0,IT,
345,ManchesterTN_tofrom_McminnvilleTN,ManchesterTN,McMinnvilleTN,25.0,IT,
346,ManchesterTN_tofrom_MurfreesboroTN,ManchesterTN,MurfreesboroTN,33.0,IT,
347,KingsBayFL_tofrom_TampaFL,KingsBayFL,TampaFL,81.0,IT,
348,KingsBayFL_tofrom_OrlandaFL,KingsBayFL,OrlandoFL,95.0,IT,
349,TallahasseeFL_tofrom_KingsBayFL,TallahasseeFL,KingsBayFL,171.0,IT,
350,LivingstonTN_tofrom_NashvilleTN,LivingstonTN,NashvilleTN,100.0,IT,
351,MartinTN_tofrom_ClarksvilleTN,MartinTN,ClarksvilleTN,95.0,IT,
352,KingsportTN_tofrom_KnoxvilleTN,KingsportTN,KnoxvilleTN,99.0,IT,
353,CrestviewFL_tofrom_BlountstownFL,CrestviewFL,BlountstownFL,113.0,IT,
354,PensacolaFL_tofrom_CrestviewFL,PensacolaFL,CrestviewFL,53.0,IT,
355,PensacolaFL_tofrom_BlountstownFL,PensacolaFL,BlountstownFL,161.0,IT,
356,Murfreesboro_tofrom_Nashville_on_I24E,MurfreesboroTN,NashvilleTN,35.0,IT,
357,McMinnville_tofrom_Nashville_onI_24E,McMinnvilleTN,NashvilleTN,77.0,IT,
358,Hendersonville_tofrom_McMinnville_on_I24E,HendersonvilleTN,McMinnvilleTN,74.0,IT,
359,McMinnville_tofrom_Chattanooga_on_I24E,McMinnvilleTN,ChattanoogaTN,74.0,IT,
360,Athens_tofrom_Chattanooga_on_I75N,AthensGA,ChattanoogaTN,176.0,IT,
361,Huntsville_tofrom_MontgomeryAL_on_I65S,HuntsvilleAL,MontgomeryAL,190.0,IT,
362,Atlanta_tofrom_Montgomery_on_I85S,AtlantaGA,MontgomeryAL,161.0,IT,
363,Montgomery_tofrom_Birmingham_on_I65S,MontgomeryAL,BirminghamAL,90.0,IT,
364,Mobile_tofrom_Montgomery_on_I65S,MobileAL,MontgomeryAL,168.0,IT,
365,PanamaCity_tofrom_Mobile_on_I10E,PanamaCityFL,MobileAL,185.0,IT,
366,Dothan_tofrom_PanamaCity_on_FL-77S,DothanAL,PanamaCityFL,82.0,IT,
367,Montgomery_tofrom_Dothan_on_US-231N,MontgomeryAL,DothanAL,108.0,IT,
368,Dothan_tofrom_Tallahassee_on_I10E,DothanAL,TallahasseeFL,103.0,IT,
369,ShadyGrove_tofrom_Tallahassee_on_I10E,ShadyGroveFL,TallahasseeFL,52.0,IT,
370,AshlandCityTN_tofrom_GuntersvilleAL,AshlandCityTN,GuntersvilleAL,168.0,IT,
371,AshlandCityTN_tofrom_WhiteBluffTN,AshlandCityTN,WhiteBluffTN,15.0,IT,
372,WhiteBluffTN_tofrom_FranklinTN,WhiteBluffTN,FranklinTN,23.0,IT,
373,FranklinTN_tofrom_KnoxvilleTN,FranklinTN,KnoxvilleTN,196.0,IT,
374,Elizabethtown_tofrom_Campbellsville_on_KY-61N,ElizabethtownKY,CampbellsvilleKY,50.0,IT,
375,Campbellsville_tofrom_Somerset_on_KY-70E,CampbellsvilleKY,SomersetKY,66.0,IT,
376,Somerset_tofrom_Glasgow_on_Cumberland Pkwy,SomersetKY,GlasgowKY,78.0,IT,
377,Glasgow_tofrom_Nashville_on_I-65S,GlasgowKY,NashvilleTN,99.0,IT,
378,LittleRock_tofrom_Memphis_on_I40,MemphisTN,LittleRockAR,137.0,IT,
379,NewBoston_tofrom_LittleRock_on_I30,LittleRockAR,NewBostonTX,164.0,IT,
380,Dallas_tofrom_NewBoston_on_I30,NewBostonTX,DallasTX,156.0,IT,
381,StLouis_tofrom_Metropolis_on_I57_and_I64,StLouisMO,MetropolisIL,167.0,IT,
382,Colombia_tofrom_St.Louis_on_I64_and_I70,ColumbiaMO,StLouisMO,125.0,IT,
383,KansasCity_tofrom_Columbia_on_I70,KansasCityMO,ColumbiaMO,125.0,IT,
384,SiouxFalls_tofrom_Omaha_on_I29N,SiouxFallsSD,OmahaNE,181.0,IT,
385,Omaha_tofrom_KansasCity_on_I29N,OmahaNE,KansasCityMO,185.0,IT,
386,Vivian_tofrom_SiouxFallsSD_on_I29N,VivianSD,SiouxFallsSD,190.0,IT,
387,Sturgis_tofrom_Vivian_on_I90W,SturgisSD,VivianSD,184.0,IT,
388,LameDeer_tofrom_Sturgis_on_US-212W,LameDeerMT,SturgisSD,193.0,IT,
389,BigTimber_tofrom_LameDeer_on_I90W,BigTimberMT,LameDeerMT,185.0,IT,
390,DeerLodge_tofrom_BigTimber_on_I90W,DeerLodgeMT,BigTimberMT,182.0,IT,
391,Mullan_tofrom_DeerLodge_on_I90W,MullanID,DeerLodgeMT,191.0,IT,
392,MosesLake_tofrom_Mullan_on_I90W,MosesLakeWA,MullanID,190.0,IT,
393,Seattle_tofrom_MosesLake_on_I90W,SeattleWA,MosesLakeWA,177.0,IT,
394,Elizabethtown_tofrom_Nashville_on_I65N,ElizabethtownKY,NashvilleTN,134.0,IT,
395,Metropolis_tofrom_Elizabethtown_on_WesternKentuckyParkway,MetropolisIL,ElizabethtownKY,185.0,IT,
396,Metropolis_tofrom_Nashville_on_I24E,MetropolisIL,NashvilleTN,148.0,IT,
397,LosAngelesCA_tofrom_SantaBarbraCA_on_US-101N,LosAngelesCA,SantaBarbraCA,94.7,IT,
398,SanJose_tofrom_SanFrancisco_on_US-101N,SanJoseCA,SanFranciscoCA,48.5,IT,
399,LosAngelesCA_tofrom_IrvineCA_on_I-5S,LosAngelesCA,IrvineCA,40.2,IT,
400,Atlanta_tofrom_Augusta,AtlantaGA,AugustaGA,145.0,IT,
401,Charlotte_tofrom_Augusta,CharlotteNC,AugustaGA,164.0,IT,
402,Charlotte_tofrom_Raleigh,CharlotteNC,RaleighNC,166.0,IT,
403,Dora_tofrom_Amarillo_on_Route_60,DoraNM,AmarilloTX,140.0,IT,
404,Dora_tofrom_Roswell_on_Route_70,RoswellNM,DoraNM,86.0,IT,
405,Dora_tofrom_Carlsbad_on_Route_62,DoraNM,CarlsbadNM,144.0,IT,
406,Harrisonburg_tofrom_Baltimore_on_I66,HarrisonburgVA,BaltimoreMD,169.0,IT,
407,Harrisonburg_tofrom_Blacksburg_on_I81,HarrisonburgVA,BlacksburgVA,139.0,IT,
408,Nashville_tofrom_Tanner_on_I65,NashvilleTN,TannerAL,95.0,IT,
409,Nashville_tofrom_Decatur_on_I65,NashvilleTN,DecaturAL,80.0,IT,
410,Nashville_tofrom_Elkmont_on_I65,NashvilleTN,ElkmontAL,95.0,IT,
411,KennesawGA_tofrom_AthensGA,KennesawGA,AthensGA,107.0,IT,
412,DuluthGA_tofrom_ChattanoogaTN,DuluthGA,ChattanoogaTN,122.0,IT,`
413,MariettaGA_tofrom_ChattanoogaTN,MariettaGA,ChattanoogaTN,100.0,IT,
414,ChattanoogaTN_tofrom_NashvilleTN,ChattanoogaTN,NashvilleTN,134.0,IT,
415,ChattanoogaTN_tofrom_KennesawGA,ChattanoogaTN,KennesawGA,94.0,IT,
416,GadsenAL_tofrom_AtlantaGA,GadsenAL,AtlantaGA,118.0,IT,
417,CookevilleTN_tofrom_FayettevilleTN,CookevilleTN,FayettevilleTN,109.0,IT,
418,NashvilleTN_tofrom_FayettevilleTN,NashvilleTN,FayettevilleTN,89.0,IT,
419,FayettevilleTN_tofrom_AthensAL,FayettevilleTN,AthensAL,49.0,IT,
420,AthensAL_tofrom_HuntsvilleAL,AthensAL,HuntsvilleAL,34.0,IT,
421,Dallas_tofrom_Austin,DallasTX,AustinTX,197.0,IT,
422,Austin_tofrom_ArtesiaWells,AustinTX,ArtesiaWellsTX,179.0,IT,
423,ArtesiaWells_tofrom_Monterrey,ArtesiaWellsTX,MonterreyNLMexico,194.0,IT,
